{
    "$schema": "https://ui.shadcn.com/schema.json",
    "style": "new-york",
    "rsc": false,
    "tsx": true,
    "tailwind": {
        "config": "",
        "css": "src/frontend/entrypoint/index.css",
        "baseColor": "slate",
        "cssVariables": true,
        "prefix": ""
    },
    "aliases": {
        "components": "@/components",
        "utils": "@/lib/utils",
        "ui": "@/components/ui",
        "lib": "@/lib",
        "hooks": "@/hooks"
    },
    "iconLibrary": "lucide"
}
